-- MySQL dump 10.13  Distrib 5.5.62, for Win64 (AMD64)
--
-- Host: localhost    Database: home
-- ------------------------------------------------------
-- Server version	5.7.19

/*!40101 SET @OLD_CHARACTER_SET_CLIENT=@@CHARACTER_SET_CLIENT */;
/*!40101 SET @OLD_CHARACTER_SET_RESULTS=@@CHARACTER_SET_RESULTS */;
/*!40101 SET @OLD_COLLATION_CONNECTION=@@COLLATION_CONNECTION */;
/*!40101 SET NAMES utf8 */;
/*!40103 SET @OLD_TIME_ZONE=@@TIME_ZONE */;
/*!40103 SET TIME_ZONE='+00:00' */;
/*!40014 SET @OLD_UNIQUE_CHECKS=@@UNIQUE_CHECKS, UNIQUE_CHECKS=0 */;
/*!40014 SET @OLD_FOREIGN_KEY_CHECKS=@@FOREIGN_KEY_CHECKS, FOREIGN_KEY_CHECKS=0 */;
/*!40101 SET @OLD_SQL_MODE=@@SQL_MODE, SQL_MODE='NO_AUTO_VALUE_ON_ZERO' */;
/*!40111 SET @OLD_SQL_NOTES=@@SQL_NOTES, SQL_NOTES=0 */;

--
-- Table structure for table `count`
--

DROP TABLE IF EXISTS `count`;
/*!40101 SET @saved_cs_client     = @@character_set_client */;
/*!40101 SET character_set_client = utf8 */;
CREATE TABLE `count` (
  `id` int(11) NOT NULL AUTO_INCREMENT,
  `year` int(15) NOT NULL,
  `month` int(15) NOT NULL,
  `water` int(20) NOT NULL,
  `dian` int(20) NOT NULL,
  `price` decimal(10,2) DEFAULT NULL,
  `user_id` int(10) NOT NULL,
  `room_id` int(10) NOT NULL,
  `create_time` datetime DEFAULT NULL,
  `status` int(11) DEFAULT NULL COMMENT '是否已缴纳 0:false, 1:true',
  PRIMARY KEY (`id`)
) ENGINE=InnoDB AUTO_INCREMENT=177 DEFAULT CHARSET=utf8;
/*!40101 SET character_set_client = @saved_cs_client */;

--
-- Dumping data for table `count`
--

LOCK TABLES `count` WRITE;
/*!40000 ALTER TABLE `count` DISABLE KEYS */;
INSERT INTO `count` VALUES (11,2021,11,20,40,181.00,1,1,'2021-12-31 20:57:39',1),(13,2021,12,30,70,296.00,1,1,'2021-10-14 16:53:18',0),(22,2021,10,2,2,NULL,29,6,'2021-10-19 09:47:05',0),(29,2021,10,10,20,NULL,25,1,'2021-10-25 13:51:01',0),(30,2021,11,10,30,626.00,25,1,'2021-10-27 10:20:54',1),(31,2021,10,10,20,NULL,1,1,'2021-11-03 14:37:11',0),(32,2021,11,196,2627,NULL,2,2,'2021-12-31 21:27:26',0),(33,2021,11,485,3061,NULL,3,3,'2021-12-31 21:27:47',0),(34,2021,11,780,3603,NULL,4,4,'2021-12-31 21:28:08',0),(35,2021,11,487,2701,NULL,5,5,'2021-12-31 21:28:18',0),(36,2021,11,406,3413,NULL,6,6,'2021-12-31 21:28:39',0),(37,2021,11,215,2325,NULL,7,7,'2021-12-31 21:28:49',0),(38,2021,11,547,4269,NULL,8,8,'2021-12-31 21:29:00',0),(39,2021,11,434,4051,NULL,9,9,'2021-12-31 21:29:14',0),(40,2021,11,460,2933,NULL,10,10,'2021-12-31 21:29:23',0),(41,2021,11,501,3375,NULL,11,11,'2021-12-31 21:29:34',0),(42,2021,11,468,2636,NULL,12,12,'2021-12-31 21:29:45',0),(43,2021,11,567,8215,NULL,13,13,'2021-12-31 21:29:54',0),(44,2021,11,411,2227,NULL,14,14,'2021-12-31 21:30:04',0),(45,2021,11,434,4212,NULL,15,15,'2021-12-31 21:30:15',0),(46,2021,11,439,1849,NULL,16,16,'2021-12-31 21:30:26',0),(47,2021,11,489,2469,NULL,17,17,'2021-12-31 21:30:42',0),(48,2021,11,153,4754,NULL,18,18,'2021-12-31 21:30:57',0),(49,2021,11,601,4025,NULL,19,19,'2021-12-31 21:31:06',0),(50,2021,11,498,2653,NULL,20,20,'2021-12-31 21:31:18',0),(51,2021,11,372,6908,NULL,21,21,'2021-12-31 21:31:27',0),(52,2021,11,181,6172,NULL,22,22,'2021-12-31 21:31:43',0),(53,2021,11,692,6497,NULL,23,23,'2021-12-31 21:31:54',0),(54,2021,11,537,4080,NULL,24,24,'2021-12-31 21:32:12',0),(55,2021,11,760,7416,NULL,25,25,'2021-12-31 21:32:23',0),(56,2021,11,41,951,NULL,26,26,'2021-12-31 21:33:33',0),(57,2021,11,210,3165,NULL,27,27,'2021-12-31 21:33:45',0),(58,2021,11,15,200,NULL,28,28,'2021-12-31 21:34:06',0),(59,2021,11,69,1537,NULL,29,29,'2021-12-31 21:34:22',0),(60,2021,11,75,316,NULL,30,30,'2021-12-31 21:34:31',0),(61,2021,11,62,1212,NULL,31,31,'2021-12-31 21:34:40',0),(62,2021,11,45,671,NULL,32,32,'2021-12-31 21:34:53',0),(63,2021,11,47,1046,NULL,33,33,'2021-12-31 21:35:01',0),(64,2021,11,29,475,NULL,34,34,'2021-12-31 21:35:14',0),(65,2021,11,67,1617,NULL,35,35,'2021-12-31 21:35:24',0),(66,2021,11,43,830,NULL,36,36,'2021-12-31 21:35:33',0),(67,2021,11,39,938,NULL,37,37,'2021-12-31 21:35:42',0),(68,2021,11,52,1804,NULL,38,38,'2021-12-31 21:35:53',0),(69,2021,11,46,553,NULL,39,39,'2021-12-31 21:36:02',0),(70,2021,11,26,725,NULL,40,40,'2021-12-31 21:36:15',0),(71,2021,11,665,2236,NULL,41,41,'2021-12-31 21:37:03',0),(72,2021,11,97,3288,NULL,42,42,'2021-12-31 21:37:15',0),(73,2021,11,277,5986,NULL,43,43,'2021-12-31 21:37:30',0),(74,2021,11,350,5077,NULL,44,44,'2021-12-31 21:37:42',0),(75,2021,11,426,5309,NULL,45,45,'2021-12-31 21:37:54',0),(76,2021,11,367,8877,NULL,46,46,'2021-12-31 21:38:08',0),(77,2021,11,280,4888,NULL,47,47,'2021-12-31 21:41:10',0),(78,2021,11,273,5804,NULL,48,48,'2021-12-31 21:41:43',0),(79,2021,11,225,3175,NULL,49,49,'2021-12-31 21:41:52',0),(80,2021,11,388,7354,NULL,50,50,'2021-12-31 21:42:08',0),(81,2021,12,197,2657,320.00,2,2,'2022-01-07 10:02:21',1),(82,2021,12,489,3143,400.00,3,3,'2021-12-31 22:14:25',1),(83,2021,12,781,3650,385.50,4,4,'2021-12-31 22:14:37',1),(84,2021,12,489,2765,415.00,5,5,'2021-12-31 22:14:50',1),(85,2021,12,407,3439,304.00,6,6,'2021-12-31 22:15:02',1),(86,2021,12,216,2351,384.00,7,7,'2021-12-31 22:15:16',1),(87,2021,12,549,4304,371.50,8,8,'2021-12-31 22:15:28',1),(88,2021,12,435,4071,345.00,9,9,'2021-12-31 22:15:40',1),(89,2021,12,464,3078,524.50,10,10,'2021-12-31 22:16:03',1),(90,2021,12,503,3406,365.50,11,11,'2021-12-31 22:14:03',1),(91,2021,12,470,2662,358.00,12,12,'2021-12-31 22:13:51',1),(92,2021,12,570,8293,470.00,13,13,'2021-12-31 22:13:40',1),(93,2021,12,414,2253,312.00,14,14,'2021-12-31 22:12:14',1),(94,2021,12,437,4317,460.50,15,15,'2021-12-31 22:12:01',1),(95,2021,12,446,2002,598.50,16,16,'2021-12-31 22:11:41',1),(96,2021,12,491,2478,292.50,17,17,'2021-12-31 22:11:30',1),(97,2021,12,155,4791,434.50,18,18,'2021-12-31 22:11:19',1),(98,2021,12,602,4073,407.00,19,19,'2021-12-31 22:11:07',1),(99,2021,12,501,2715,426.00,20,20,'2021-12-31 22:10:55',1),(100,2021,12,373,6933,372.50,21,21,'2021-12-31 22:10:43',1),(101,2021,12,183,6220,381.00,22,22,'2021-12-31 22:10:31',1),(102,2021,12,699,6628,545.50,23,23,'2021-12-31 22:10:18',1),(103,2021,12,540,4152,321.00,24,24,'2021-12-31 22:10:04',1),(104,2021,12,764,7469,336.50,25,25,'2021-12-31 22:09:52',1),(105,2021,12,47,1042,1571.50,26,26,'2021-12-31 22:09:28',1),(106,2021,12,234,3532,2207.50,27,27,'2021-12-31 22:09:09',1),(107,2021,12,24,349,1040.50,28,28,'2021-12-31 22:08:55',1),(108,2021,12,86,1808,1685.50,29,29,'2021-12-31 22:08:42',1),(109,2021,12,87,417,1080.50,30,30,'2021-12-31 22:08:28',1),(110,2021,12,66,1328,1071.00,31,31,'2021-12-31 22:08:12',1),(111,2021,12,49,743,895.00,32,32,'2021-12-31 22:07:58',1),(112,2021,12,51,1187,1408.50,33,33,'2021-12-31 22:07:30',1),(113,2021,12,31,516,880.50,34,34,'2021-12-31 22:07:14',1),(114,2021,12,73,1728,1101.50,35,35,'2021-12-31 22:07:01',1),(115,2021,12,49,963,1054.50,36,36,'2021-12-31 22:06:46',1),(116,2021,12,44,1111,1490.50,37,37,'2021-12-31 22:06:21',1),(117,2021,12,56,1919,1069.50,38,38,'2021-12-31 22:06:09',1),(118,2021,12,48,607,970.00,39,39,'2021-12-31 22:05:52',1),(119,2021,12,30,824,875.50,40,40,'2021-12-31 22:05:28',1),(120,2021,12,672,2374,876.00,41,41,'2021-12-31 22:05:16',1),(121,2021,12,98,3358,600.00,42,42,'2021-12-31 22:05:01',1),(122,2021,12,285,6097,709.50,43,43,'2021-12-31 22:04:47',1),(123,2021,12,356,5188,661.50,44,44,'2021-12-31 22:04:32',1),(124,2021,12,435,5588,1185.50,45,45,'2021-12-31 22:04:21',1),(125,2021,12,368,8984,895.50,46,46,'2021-12-31 22:04:10',1),(126,2021,12,284,4951,801.50,47,47,'2021-12-31 22:03:55',1),(127,2021,12,276,5864,663.00,48,48,'2021-12-31 21:57:37',1),(128,2021,12,231,3246,711.50,49,49,'2021-12-31 21:57:17',1),(129,2021,12,395,7489,891.50,50,50,'2021-12-31 21:56:42',1),(130,2022,1,199,2736,397.50,2,2,'2022-01-31 23:28:58',1),(131,2022,1,491,3194,345.50,3,3,'2022-01-31 23:29:14',1),(132,2022,1,781,3684,362.00,4,4,'2022-01-31 23:29:29',1),(133,2022,1,491,2816,395.50,5,5,'2022-01-31 23:29:43',1),(134,2022,1,408,3462,299.50,6,6,'2022-01-31 23:29:59',1),(135,2022,1,217,2376,382.50,7,7,'2022-01-31 23:30:12',1),(136,2022,1,550,4319,337.50,8,8,'2022-01-31 23:30:26',1),(137,2022,1,436,4085,336.00,9,9,'2022-01-31 23:30:39',1),(138,2022,1,468,3212,508.00,10,10,'2022-01-31 23:30:52',1),(139,2022,1,505,3435,362.50,11,11,'2022-01-31 23:31:05',1),(140,2022,1,470,2662,300.00,12,12,'2022-01-31 23:31:18',1),(141,2022,1,572,8346,428.50,13,13,'2022-01-31 23:31:33',1),(142,2022,1,415,2264,281.50,14,14,'2022-01-31 23:32:37',1),(143,2022,1,438,4366,368.50,15,15,'2022-01-31 23:32:51',1),(144,2022,1,451,2138,565.00,16,16,'2022-01-31 23:33:03',1),(145,2022,1,491,2490,289.00,17,17,'2022-01-31 23:33:17',1),(146,2022,1,157,4821,424.00,18,18,'2022-01-31 23:33:30',1),(147,2022,1,604,4146,448.50,19,19,'2022-01-31 23:33:43',1),(148,2022,1,502,2738,359.50,20,20,'2022-01-31 23:33:57',1),(149,2022,1,374,6988,417.50,21,21,'2022-01-31 23:34:10',1),(150,2022,1,185,6256,363.00,22,22,'2022-01-31 23:35:34',1),(151,2022,1,704,6749,522.50,23,23,'2022-01-31 23:35:48',1),(152,2022,1,544,4219,317.50,24,24,'2022-01-31 23:36:02',1),(153,2022,1,764,7501,289.00,25,25,'2022-01-31 23:36:15',1),(154,2022,1,50,1107,1520.50,26,26,'2022-01-31 23:37:07',1),(155,2022,1,239,3627,1723.50,27,27,'2022-01-31 23:37:21',1),(156,2022,1,30,464,977.50,28,28,'2022-01-31 23:37:34',1),(157,2022,1,90,1896,1359.00,29,29,'2022-01-31 23:37:47',1),(158,2022,1,94,503,1038.00,30,30,'2022-01-31 23:38:02',1),(159,2022,1,68,1445,1064.50,31,31,'2022-01-31 23:38:15',1),(160,2022,1,51,786,843.50,32,32,'2022-01-31 23:38:27',1),(161,2022,1,54,1296,1356.50,33,33,'2022-01-31 23:38:41',1),(162,2022,1,32,548,863.00,34,34,'2022-01-31 23:38:53',1),(163,2022,1,76,1801,1032.50,35,35,'2022-01-31 23:39:06',1),(164,2022,1,55,1069,1014.00,36,36,'2022-01-31 23:39:19',1),(165,2022,1,49,1385,1662.00,37,37,'2022-01-31 23:58:55',1),(166,2022,1,50,692,1016.50,39,39,'2022-01-31 23:39:54',1),(167,2022,1,677,2443,764.50,41,41,'2022-01-31 23:40:07',1),(168,2022,1,100,3436,616.00,42,42,'2022-01-31 23:42:57',1),(169,2022,1,290,6165,633.00,43,43,'2022-01-31 23:43:09',1),(170,2022,1,360,5264,601.00,44,44,'2022-01-31 23:43:21',1),(171,2022,1,443,5784,1057.00,45,45,'2022-01-31 23:43:34',1),(172,2022,1,369,9050,834.00,46,46,'2022-01-31 23:43:47',1),(173,2022,1,286,4984,748.50,47,47,'2022-01-31 23:44:00',1),(174,2022,1,281,5944,701.00,48,48,'2022-01-31 23:44:13',1),(175,2022,1,233,3279,638.50,49,49,'2022-01-31 23:44:26',1),(176,2022,1,401,7611,868.00,50,50,'2022-01-31 23:44:41',1);
/*!40000 ALTER TABLE `count` ENABLE KEYS */;
UNLOCK TABLES;

--
-- Table structure for table `room`
--

DROP TABLE IF EXISTS `room`;
/*!40101 SET @saved_cs_client     = @@character_set_client */;
/*!40101 SET character_set_client = utf8 */;
CREATE TABLE `room` (
  `id` int(11) NOT NULL AUTO_INCREMENT,
  `room_num` varchar(15) NOT NULL,
  `price` int(15) DEFAULT NULL,
  `seq` int(11) DEFAULT NULL COMMENT '排序',
  PRIMARY KEY (`id`)
) ENGINE=InnoDB AUTO_INCREMENT=51 DEFAULT CHARSET=utf8;
/*!40101 SET character_set_client = @saved_cs_client */;

--
-- Dumping data for table `room`
--

LOCK TABLES `room` WRITE;
/*!40000 ALTER TABLE `room` DISABLE KEYS */;
INSERT INTO `room` VALUES (2,'中街-103',260,1),(3,'中街-201',250,2),(4,'中街-203',300,4),(5,'中街-204',300,5),(6,'中街-301',250,6),(7,'中街-302',330,7),(8,'中街-303',300,8),(9,'中街-304',300,9),(10,'中街-401',280,10),(11,'中街-402',300,11),(12,'中街-403',300,12),(13,'中街-404',330,13),(14,'中街-501',250,14),(15,'中街-502',280,15),(16,'中街-504',330,16),(17,'中街-601',260,17),(18,'中街-602',360,18),(19,'中街-603',320,19),(20,'中街-604',310,20),(21,'中街-701',320,21),(22,'中街-702',290,22),(23,'中街-703',310,23),(24,'中街-801',190,24),(25,'中街-802',230,25),(26,'南街-101',1400,26),(27,'南街-102',1550,27),(28,'南街-201',770,28),(29,'南街-202',1200,29),(30,'南街-203',870,30),(31,'南街-204',870,31),(32,'南街-301',760,32),(33,'南街-302',1170,33),(34,'南街-303',800,34),(35,'南街-304',900,35),(36,'南街-401',820,36),(37,'南街-402',1220,37),(38,'南街-403',870,38),(39,'南街-404',870,39),(40,'南街-601',700,40),(41,'南街-602',630,41),(42,'南街-603',480,42),(43,'南街-604',500,43),(44,'南街-605',460,44),(45,'南街-606',720,45),(46,'南街-701',720,46),(47,'南街-702',680,47),(48,'南街-704',550,48),(49,'南街-705',570,49),(50,'南街-706',650,50);
/*!40000 ALTER TABLE `room` ENABLE KEYS */;
UNLOCK TABLES;

--
-- Table structure for table `user`
--

DROP TABLE IF EXISTS `user`;
/*!40101 SET @saved_cs_client     = @@character_set_client */;
/*!40101 SET character_set_client = utf8 */;
CREATE TABLE `user` (
  `id` int(11) NOT NULL AUTO_INCREMENT,
  `name` varchar(15) NOT NULL,
  `phone` varchar(15) DEFAULT NULL,
  `room_id` int(11) DEFAULT NULL,
  `create_time` datetime DEFAULT NULL,
  PRIMARY KEY (`id`)
) ENGINE=InnoDB AUTO_INCREMENT=51 DEFAULT CHARSET=utf8;
/*!40101 SET character_set_client = @saved_cs_client */;

--
-- Dumping data for table `user`
--

LOCK TABLES `user` WRITE;
/*!40000 ALTER TABLE `user` DISABLE KEYS */;
INSERT INTO `user` VALUES (2,'中街-103',NULL,2,'2021-12-31 21:17:19'),(3,'中街-201',NULL,3,'2021-12-31 21:17:30'),(4,'中街-203',NULL,4,'2021-12-31 21:17:55'),(5,'中街-204',NULL,5,'2021-12-31 21:18:03'),(6,'中街-301',NULL,6,'2021-12-31 21:18:08'),(7,'中街-302',NULL,7,'2021-12-31 21:18:16'),(8,'中街-303',NULL,8,'2021-12-31 21:18:22'),(9,'中街-304',NULL,9,'2021-12-31 21:18:30'),(10,'中街-401',NULL,10,'2021-12-31 21:19:49'),(11,'中街-402',NULL,11,'2021-12-31 21:19:55'),(12,'中街-403',NULL,12,'2021-12-31 21:20:01'),(13,'中街-404',NULL,13,'2021-12-31 21:20:07'),(14,'中街-501',NULL,14,'2021-12-31 21:20:13'),(15,'中街-502',NULL,15,'2021-12-31 21:20:19'),(16,'中街-504',NULL,16,'2021-12-31 21:20:29'),(17,'中街-601',NULL,17,'2021-12-31 21:21:06'),(18,'中街-602',NULL,18,'2021-12-31 21:21:14'),(19,'中街-603',NULL,19,'2021-12-31 21:21:20'),(20,'中街-604',NULL,20,'2021-12-31 21:21:28'),(21,'中街-701',NULL,21,'2021-12-31 21:21:38'),(22,'中街-702',NULL,22,'2021-12-31 21:21:46'),(23,'中街-703',NULL,23,'2021-12-31 21:21:51'),(24,'中街-801',NULL,24,'2021-12-31 21:22:07'),(25,'中街-802',NULL,25,'2021-12-31 21:22:14'),(26,'南街-101',NULL,26,'2021-12-31 21:22:53'),(27,'南街-102',NULL,27,'2021-12-31 21:22:59'),(28,'南街-201',NULL,28,'2021-12-31 21:23:08'),(29,'南街-202',NULL,29,'2021-12-31 21:23:15'),(30,'南街-203',NULL,30,'2021-12-31 21:23:22'),(31,'南街-204',NULL,31,'2021-12-31 21:23:28'),(32,'南街-301',NULL,32,'2021-12-31 21:23:35'),(33,'南街-302',NULL,33,'2021-12-31 21:23:42'),(34,'南街-303',NULL,34,'2021-12-31 21:23:47'),(35,'南街-304',NULL,35,'2021-12-31 21:23:54'),(36,'南街-401',NULL,36,'2021-12-31 21:24:00'),(37,'南街-402',NULL,37,'2021-12-31 21:24:07'),(38,'南街-403',NULL,38,'2021-12-31 21:24:15'),(39,'南街-404',NULL,39,'2021-12-31 21:24:21'),(40,'南街-601',NULL,40,'2021-12-31 21:24:41'),(41,'南街-602',NULL,41,'2021-12-31 21:24:48'),(42,'南街-603',NULL,42,'2021-12-31 21:24:54'),(43,'南街-604',NULL,43,'2021-12-31 21:25:00'),(44,'南街-605',NULL,44,'2021-12-31 21:25:07'),(45,'南街-606',NULL,45,'2021-12-31 21:25:12'),(46,'南街-701',NULL,46,'2021-12-31 21:25:19'),(47,'南街-702',NULL,47,'2021-12-31 21:25:25'),(48,'南街-704',NULL,48,'2021-12-31 21:25:32'),(49,'南街-705',NULL,49,'2021-12-31 21:25:40'),(50,'南街-706',NULL,50,'2021-12-31 21:25:46');
/*!40000 ALTER TABLE `user` ENABLE KEYS */;
UNLOCK TABLES;

--
-- Dumping routines for database 'home'
--
/*!40103 SET TIME_ZONE=@OLD_TIME_ZONE */;

/*!40101 SET SQL_MODE=@OLD_SQL_MODE */;
/*!40014 SET FOREIGN_KEY_CHECKS=@OLD_FOREIGN_KEY_CHECKS */;
/*!40014 SET UNIQUE_CHECKS=@OLD_UNIQUE_CHECKS */;
/*!40101 SET CHARACTER_SET_CLIENT=@OLD_CHARACTER_SET_CLIENT */;
/*!40101 SET CHARACTER_SET_RESULTS=@OLD_CHARACTER_SET_RESULTS */;
/*!40101 SET COLLATION_CONNECTION=@OLD_COLLATION_CONNECTION */;
/*!40111 SET SQL_NOTES=@OLD_SQL_NOTES */;

-- Dump completed on 2022-02-08  9:57:47
